{"stats":{"minecraft:mined":{"minecraft:grass_block":2,"minecraft:dirt":3},"minecraft:picked_up":{"minecraft:dirt":5},"minecraft:used":{"minecraft:bedrock":1,"minecraft:dirt":4},"minecraft:custom":{"minecraft:jump":34,"minecraft:time_since_rest":1965,"minecraft:crouch_one_cm":31,"minecraft:walk_on_water_one_cm":946,"minecraft:damage_taken":10,"minecraft:leave_game":3,"minecraft:play_time":4345,"minecraft:sprint_one_cm":4935,"minecraft:deaths":1,"minecraft:time_since_death":1927,"minecraft:walk_one_cm":4939,"minecraft:sneak_time":32,"minecraft:total_world_time":4345,"minecraft:walk_under_water_one_cm":368,"minecraft:fall_one_cm":962,"minecraft:fly_one_cm":3840}},"DataVersion":3465}