{"stats":{"minecraft:picked_up":{"minecraft:gravel":8,"minecraft:dirt":13},"minecraft:used":{"minecraft:spyglass":16,"minecraft:dirt":9,"minecraft:firework_rocket":59,"minecraft:gravel":8},"minecraft:custom":{"minecraft:time_since_rest":10013,"minecraft:crouch_one_cm":63,"minecraft:sprint_one_cm":9721,"minecraft:play_time":14971,"minecraft:deaths":1,"minecraft:walk_one_cm":12562,"minecraft:sneak_time":51,"minecraft:walk_under_water_one_cm":1142,"minecraft:jump":136,"minecraft:aviate_one_cm":699471,"minecraft:damage_dealt":145,"minecraft:leave_game":4,"minecraft:walk_on_water_one_cm":1536,"minecraft:time_since_death":9988,"minecraft:climb_one_cm":23,"minecraft:total_world_time":14971,"minecraft:swim_one_cm":1089,"minecraft:fall_one_cm":1463,"minecraft:fly_one_cm":35667},"minecraft:mined":{"minecraft:short_grass":2,"minecraft:grass_block":7,"minecraft:jungle_log":1,"minecraft:gravel":8,"minecraft:dirt":6,"minecraft:oak_leaves":1,"minecraft:fern":1}},"DataVersion":3953}