{"stats":{"minecraft:custom":{"minecraft:time_since_rest":11289,"minecraft:damage_dealt":30,"minecraft:leave_game":7,"minecraft:play_time":11289,"minecraft:sprint_one_cm":11929,"minecraft:time_since_death":11289,"minecraft:walk_one_cm":5130,"minecraft:climb_one_cm":134,"minecraft:total_world_time":11289,"minecraft:fly_one_cm":21598,"minecraft:fall_one_cm":2949,"minecraft:jump":129},"minecraft:mined":{"minecraft:short_grass":4,"minecraft:gravel":7,"minecraft:fern":1},"minecraft:used":{"minecraft:egg":2,"minecraft:gravel":6},"minecraft:picked_up":{"minecraft:gravel":6,"minecraft:flint":1,"minecraft:wheat_seeds":1,"minecraft:egg":2}},"DataVersion":3953}